"","Mutant","Position"
"YAL002W","YAL002W",31
"YAL009W","YAL009W",37
"YAL011W","YAL011W",39
"YAL013W","YAL013W",41
"YAL015C","YAL015C",43
"YAL017W","YAL017W",45
"YAL019W","YAL019W",47
"YAL021C","YAL021C",49
"YAL024C","YAL024C",52
"YAL027W","YAL027W",55
"YAL039C","YAL039C",69
"YAL040C","YAL040C",70
"YAL044W-A","YAL044W-A",76
"YAL046C","YAL046C",78
"YAL051W","YAL051W",82
"YAL053W","YAL053W",83
"YAL054C","YAL054C",84
"YAL055W","YAL055W",85
"YAL056W","YAL056W",87
"YAL059W","YAL059W",89
"YAR002W","YAR002W",104
"YAR003W","YAR003W",105
"YAR018C","YAR018C",111
"YAR035W","YAR035W",121
"YAR042W","YAR042W",122
"YBL002W","YBL002W",133
"YBL003C","YBL003C",134
"YBL005W","YBL005W",136
"YBL006C","YBL006C",137
"YBL007C","YBL007C",138
"YBL008W","YBL008W",139
"YBL009W","YBL009W",140
"YBL010C","YBL010C",141
"YBL016W","YBL016W",147
"YBL019W","YBL019W",150
"YBL021C","YBL021C",152
"YBL024W","YBL024W",155
"YBL028C","YBL028C",159
"YBL039C","YBL039C",171
"YBL047C","YBL047C",179
"YBL051C","YBL051C",183
"YBL052C","YBL052C",184
"YBL054W","YBL054W",186
"YBL055C","YBL055C",187
"YBL056W","YBL056W",188
"YBL057C","YBL057C",189
"YBL063W","YBL063W",196
"YBL066C","YBL066C",199
"YBL067C","YBL067C",200
"YBL078C","YBL078C",212
"YBL079W","YBL079W",213
"YBL080C","YBL080C",214
"YBL088C","YBL088C",222
"YBL103C","YBL103C",238
"YBR001C","YBR001C",247
"YBR009C","YBR009C",255
"YBR010W","YBR010W",256
"YBR028C","YBR028C",274
"YBR030W","YBR030W",276
"YBR033W","YBR033W",279
"YBR034C","YBR034C",280
"YBR057C","YBR057C",303
"YBR058C","YBR058C",304
"YBR059C","YBR059C",306
"YBR062C","YBR062C",309
"YBR065C","YBR065C",312
"YBR066C","YBR066C",313
"YBR073W","YBR073W",320
"YBR081C","YBR081C",327
"YBR082C","YBR082C",328
"YBR083W","YBR083W",329
"YBR089C-A","YBR089C-A",336
"YBR095C","YBR095C",342
"YBR097W","YBR097W",344
"YBR098W","YBR098W",345
"YBR103W","YBR103W",350
"YBR105C","YBR105C",352
"YBR107C","YBR107C",354
"YBR112C","YBR112C",359
"YBR114W","YBR114W",361
"YBR125C","YBR125C",372
"YBR140C","YBR140C",387
"YBR141C","YBR141C",388
"YBR150C","YBR150C",397
"YBR165W","YBR165W",413
"YBR175W","YBR175W",423
"YBR182C","YBR182C",429
"YBR186W","YBR186W",433
"YBR188C","YBR188C",435
"YBR195C","YBR195C",443
"YBR201W","YBR201W",449
"YBR203W","YBR203W",451
"YBR212W","YBR212W",460
"YBR215W","YBR215W",463
"YBR217W","YBR217W",465
"YBR218C","YBR218C",466
"YBR223C","YBR223C",471
"YBR225W","YBR225W",473
"YBR228W","YBR228W",476
"YBR231C","YBR231C",479
"YBR233W","YBR233W",481
"YBR239C","YBR239C",488
"YBR240C","YBR240C",489
"YBR245C","YBR245C",494
"YBR258C","YBR258C",508
"YBR271W","YBR271W",521
"YBR272C","YBR272C",522
"YBR273C","YBR273C",523
"YBR274W","YBR274W",524
"YBR275C","YBR275C",525
"YBR276C","YBR276C",526
"YBR278W","YBR278W",528
"YBR279W","YBR279W",529
"YBR280C","YBR280C",530
"YBR285W","YBR285W",535
"YBR289W","YBR289W",539
"YBR290W","YBR290W",540
"YBR297W","YBR297W",547
"YCL010C","YCL010C",562
"YCL011C","YCL011C",563
"YCL016C","YCL016C",565
"YCL024W","YCL024W",571
"YCL029C","YCL029C",577
"YCL032W","YCL032W",580
"YCL037C","YCL037C",585
"YCL040W","YCL040W",588
"YCL055W","YCL055W",602
"YCL061C","YCL061C",608
"YCR008W","YCR008W",623
"YCR014C","YCR014C",629
"YCR016W","YCR016W",631
"YCR020C-A","YCR020C-A",637
"YCR020W-B","YCR020W-B",638
"YCR028C-A","YCR028C-A",648
"YCR033W","YCR033W",652
"YCR053W","YCR053W",673
"YCR065W","YCR065W",681
"YCR066W","YCR066W",682
"YCR073C","YCR073C",688
"YCR077C","YCR077C",692
"YCR081W","YCR081W",694
"YCR084C","YCR084C",697
"YCR086W","YCR086W",699
"YCR087C-A","YCR087C-A",700
"YCR091W","YCR091W",705
"YCR092C","YCR092C",706
"YCR095C","YCR095C",709
"YCR106W","YCR106W",719
"YDL002C","YDL002C",722
"YDL005C","YDL005C",725
"YDL006W","YDL006W",726
"YDL013W","YDL013W",733
"YDL019C","YDL019C",739
"YDL020C","YDL020C",740
"YDL025C","YDL025C",745
"YDL035C","YDL035C",755
"YDL036C","YDL036C",756
"YDL042C","YDL042C",762
"YDL047W","YDL047W",768
"YDL048C","YDL048C",769
"YDL051W","YDL051W",772
"YDL056W","YDL056W",777
"YDL059C","YDL059C",780
"YDL070W","YDL070W",791
"YDL074C","YDL074C",795
"YDL076C","YDL076C",797
"YDL077C","YDL077C",798
"YDL079C","YDL079C",800
"YDL080C","YDL080C",801
"YDL088C","YDL088C",810
"YDL089W","YDL089W",811
"YDL090C","YDL090C",812
"YDL091C","YDL091C",813
"YDL101C","YDL101C",823
"YDL104C","YDL104C",826
"YDL106C","YDL106C",828
"YDL113C","YDL113C",835
"YDL122W","YDL122W",845
"YDL127W","YDL127W",850
"YDL134C","YDL134C",859
"YDL135C","YDL135C",860
"YDL138W","YDL138W",862
"YDL149W","YDL149W",873
"YDL154W","YDL154W",878
"YDL155W","YDL155W",879
"YDL159W","YDL159W",883
"YDL160C","YDL160C",885
"YDL167C","YDL167C",892
"YDL170W","YDL170W",895
"YDL171C","YDL171C",896
"YDL175C","YDL175C",900
"YDL179W","YDL179W",904
"YDL188C","YDL188C",914
"YDL190C","YDL190C",916
"YDL194W","YDL194W",920
"YDL197C","YDL197C",923
"YDL200C","YDL200C",926
"YDL203C","YDL203C",929
"YDL213C","YDL213C",939
"YDL214C","YDL214C",940
"YDL216C","YDL216C",942
"YDL230W","YDL230W",956
"YDL236W","YDL236W",962
"YDR001C","YDR001C",975
"YDR004W","YDR004W",978
"YDR005C","YDR005C",979
"YDR006C","YDR006C",980
"YDR009W","YDR009W",983
"YDR022C","YDR022C",995
"YDR026C","YDR026C",999
"YDR028C","YDR028C",1001
"YDR030C","YDR030C",1003
"YDR033W","YDR033W",1006
"YDR034C","YDR034C",1007
"YDR034W-B","YDR034W-B",1009
"YDR035W","YDR035W",1010
"YDR043C","YDR043C",1017
"YDR049W","YDR049W",1023
"YDR057W","YDR057W",1031
"YDR059C","YDR059C",1033
"YDR063W","YDR063W",1037
"YDR066C","YDR066C",1040
"YDR067C","YDR067C",1041
"YDR069C","YDR069C",1043
"YDR073W","YDR073W",1047
"YDR074W","YDR074W",1048
"YDR075W","YDR075W",1049
"YDR076W","YDR076W",1050
"YDR079C-A","YDR079C-A",1053
"YDR080W","YDR080W",1055
"YDR083W","YDR083W",1058
"YDR096W","YDR096W",1071
"YDR097C","YDR097C",1072
"YDR098C","YDR098C",1073
"YDR099W","YDR099W",1075
"YDR101C","YDR101C",1077
"YDR103W","YDR103W",1079
"YDR110W","YDR110W",1086
"YDR117C","YDR117C",1093
"YDR120C","YDR120C",1096
"YDR121W","YDR121W",1097
"YDR122W","YDR122W",1098
"YDR123C","YDR123C",1099
"YDR130C","YDR130C",1106
"YDR131C","YDR131C",1107
"YDR137W","YDR137W",1112
"YDR139C","YDR139C",1114
"YDR143C","YDR143C",1118
"YDR146C","YDR146C",1121
"YDR147W","YDR147W",1122
"YDR151C","YDR151C",1126
"YDR155C","YDR155C",1130
"YDR156W","YDR156W",1131
"YDR158W","YDR158W",1133
"YDR159W","YDR159W",1134
"YDR162C","YDR162C",1137
"YDR163W","YDR163W",1138
"YDR169C","YDR169C",1144
"YDR173C","YDR173C",1149
"YDR174W","YDR174W",1150
"YDR176W","YDR176W",1152
"YDR179C","YDR179C",1155
"YDR181C","YDR181C",1158
"YDR191W","YDR191W",1168
"YDR192C","YDR192C",1169
"YDR206W","YDR206W",1183
"YDR213W","YDR213W",1193
"YDR216W","YDR216W",1196
"YDR217C","YDR217C",1197
"YDR219C","YDR219C",1199
"YDR223W","YDR223W",1203
"YDR227W","YDR227W",1207
"YDR244W","YDR244W",1224
"YDR247W","YDR247W",1227
"YDR252W","YDR252W",1232
"YDR253C","YDR253C",1233
"YDR254W","YDR254W",1234
"YDR255C","YDR255C",1235
"YDR257C","YDR257C",1237
"YDR259C","YDR259C",1239
"YDR260C","YDR260C",1240
"YDR263C","YDR263C",1245
"YDR265W","YDR265W",1247
"YDR266C","YDR266C",1248
"YDR273W","YDR273W",1255
"YDR277C","YDR277C",1259
"YDR279W","YDR279W",1261
"YDR283C","YDR283C",1265
"YDR285W","YDR285W",1267
"YDR289C","YDR289C",1271
"YDR291W","YDR291W",1273
"YDR293C","YDR293C",1275
"YDR295C","YDR295C",1277
"YDR306C","YDR306C",1288
"YDR310C","YDR310C",1292
"YDR312W","YDR312W",1294
"YDR313C","YDR313C",1295
"YDR314C","YDR314C",1296
"YDR315C","YDR315C",1297
"YDR318W","YDR318W",1300
"YDR320C","YDR320C",1302
"YDR323C","YDR323C",1307
"YDR330W","YDR330W",1314
"YDR332W","YDR332W",1316
"YDR334W","YDR334W",1318
"YDR335W","YDR335W",1319
"YDR358W","YDR358W",1340
"YDR359C","YDR359C",1341
"YDR363W","YDR363W",1345
"YDR363W-A","YDR363W-A",1346
"YDR364C","YDR364C",1347
"YDR370C","YDR370C",1353
"YDR375C","YDR375C",1358
"YDR378C","YDR378C",1361
"YDR383C","YDR383C",1368
"YDR386W","YDR386W",1371
"YDR392W","YDR392W",1377
"YDR395W","YDR395W",1380
"YDR409W","YDR409W",1394
"YDR410C","YDR410C",1395
"YDR419W","YDR419W",1404
"YDR421W","YDR421W",1406
"YDR422C","YDR422C",1407
"YDR423C","YDR423C",1408
"YDR432W","YDR432W",1417
"YDR436W","YDR436W",1421
"YDR440W","YDR440W",1425
"YDR443C","YDR443C",1428
"YDR448W","YDR448W",1433
"YDR451C","YDR451C",1436
"YDR457W","YDR457W",1442
"YDR458C","YDR458C",1443
"YDR463W","YDR463W",1448
"YDR466W","YDR466W",1451
"YDR469W","YDR469W",1454
"YDR477W","YDR477W",1461
"YDR480W","YDR480W",1464
"YDR482C","YDR482C",1466
"YDR485C","YDR485C",1469
"YDR488C","YDR488C",1472
"YDR490C","YDR490C",1474
"YDR495C","YDR495C",1479
"YDR496C","YDR496C",1480
"YDR501W","YDR501W",1485
"YDR507C","YDR507C",1491
"YDR513W","YDR513W",1497
"YDR514C","YDR514C",1498
"YDR515W","YDR515W",1499
"YDR517W","YDR517W",1501
"YDR518W","YDR518W",1502
"YDR520C","YDR520C",1504
"YDR523C","YDR523C",1507
"YEL009C","YEL009C",1537
"YEL012W","YEL012W",1540
"YEL013W","YEL013W",1541
"YEL015W","YEL015W",1543
"YEL018W","YEL018W",1547
"YEL037C","YEL037C",1567
"YEL043W","YEL043W",1573
"YEL044W","YEL044W",1574
"YEL056W","YEL056W",1586
"YEL061C","YEL061C",1592
"YEL062W","YEL062W",1593
"YEL066W","YEL066W",1597
"YER002W","YER002W",1608
"YER007C-A","YER007C-A",1613
"YER016W","YER016W",1624
"YER020W","YER020W",1629
"YER027C","YER027C",1636
"YER028C","YER028C",1637
"YER030W","YER030W",1639
"YER031C","YER031C",1640
"YER032W","YER032W",1641
"YER035W","YER035W",1644
"YER040W","YER040W",1650
"YER044C-A","YER044C-A",1655
"YER045C","YER045C",1656
"YER049W","YER049W",1661
"YER051W","YER051W",1663
"YER059W","YER059W",1673
"YER063W","YER063W",1678
"YER064C","YER064C",1679
"YER068W","YER068W",1684
"YER069W","YER069W",1685
"YER075C","YER075C",1692
"YER088C","YER088C",1706
"YER089C","YER089C",1707
"YER092W","YER092W",1711
"YER098W","YER098W",1718
"YER100W","YER100W",1720
"YER105C","YER105C",1724
"YER106W","YER106W",1725
"YER110C","YER110C",1728
"YER111C","YER111C",1729
"YER116C","YER116C",1734
"YER120W","YER120W",1739
"YER123W","YER123W",1742
"YER129W","YER129W",1748
"YER130C","YER130C",1749
"YER132C","YER132C",1751
"YER137C","YER137C",1756
"YER139C","YER139C",1758
"YER142C","YER142C",1761
"YER143W","YER143W",1762
"YER144C","YER144C",1763
"YER151C","YER151C",1770
"YER161C","YER161C",1779
"YER162C","YER162C",1780
"YER164W","YER164W",1782
"YER167W","YER167W",1785
"YER169W","YER169W",1787
"YER173W","YER173W",1791
"YER174C","YER174C",1792
"YER176W","YER176W",1794
"YER177W","YER177W",1795
"YER179W","YER179W",1797
"YER184C","YER184C",1802
"YFL001W","YFL001W",1807
"YFL007W","YFL007W",1813
"YFL013C","YFL013C",1821
"YFL014W","YFL014W",1822
"YFL021W","YFL021W",1830
"YFL028C","YFL028C",1837
"YFL031W","YFL031W",1840
"YFL033C","YFL033C",1842
"YFL036W","YFL036W",1846
"YFL044C","YFL044C",1853
"YFL049W","YFL049W",1858
"YFL052W","YFL052W",1861
"YFR001W","YFR001W",1873
"YFR009W","YFR009W",1881
"YFR010W","YFR010W",1882
"YFR013W","YFR013W",1886
"YFR014C","YFR014C",1887
"YFR015C","YFR015C",1888
"YFR019W","YFR019W",1892
"YFR023W","YFR023W",1896
"YFR030W","YFR030W",1903
"YFR032C","YFR032C",1906
"YFR034C","YFR034C",1909
"YFR036W","YFR036W",1911
"YFR038W","YFR038W",1913
"YFR040W","YFR040W",1915
"YFR046C","YFR046C",1921
"YFR053C","YFR053C",1928
"YGL003C","YGL003C",1935
"YGL004C","YGL004C",1936
"YGL013C","YGL013C",1945
"YGL014W","YGL014W",1946
"YGL016W","YGL016W",1948
"YGL019W","YGL019W",1951
"YGL021W","YGL021W",1953
"YGL023C","YGL023C",1955
"YGL025C","YGL025C",1957
"YGL029W","YGL029W",1961
"YGL033W","YGL033W",1965
"YGL035C","YGL035C",1967
"YGL037C","YGL037C",1969
"YGL043W","YGL043W",1975
"YGL049C","YGL049C",1980
"YGL058W","YGL058W",1989
"YGL059W","YGL059W",1990
"YGL060W","YGL060W",1991
"YGL062W","YGL062W",1993
"YGL066W","YGL066W",1997
"YGL070C","YGL070C",2001
"YGL071W","YGL071W",2002
"YGL078C","YGL078C",2009
"YGL082W","YGL082W",2013
"YGL083W","YGL083W",2014
"YGL085W","YGL085W",2016
"YGL086W","YGL086W",2017
"YGL087C","YGL087C",2018
"YGL089C","YGL089C",2019
"YGL090W","YGL090W",2020
"YGL094C","YGL094C",2024
"YGL096W","YGL096W",2026
"YGL100W","YGL100W",2030
"YGL110C","YGL110C",2040
"YGL115W","YGL115W",2045
"YGL119W","YGL119W",2049
"YGL121C","YGL121C",2051
"YGL125W","YGL125W",2055
"YGL127C","YGL127C",2057
"YGL131C","YGL131C",2061
"YGL133W","YGL133W",2063
"YGL134W","YGL134W",2064
"YGL141W","YGL141W",2071
"YGL151W","YGL151W",2080
"YGL158W","YGL158W",2087
"YGL162W","YGL162W",2091
"YGL163C","YGL163C",2092
"YGL166W","YGL166W",2095
"YGL168W","YGL168W",2097
"YGL173C","YGL173C",2102
"YGL174W","YGL174W",2103
"YGL175C","YGL175C",2104
"YGL178W","YGL178W",2107
"YGL179C","YGL179C",2108
"YGL180W","YGL180W",2109
"YGL181W","YGL181W",2110
"YGL192W","YGL192W",2121
"YGL194C","YGL194C",2123
"YGL195W","YGL195W",2124
"YGL197W","YGL197W",2126
"YGL208W","YGL208W",2137
"YGL209W","YGL209W",2138
"YGL211W","YGL211W",2140
"YGL213C","YGL213C",2142
"YGL215W","YGL215W",2144
"YGL216W","YGL216W",2145
"YGL220W","YGL220W",2149
"YGL222C","YGL222C",2151
"YGL227W","YGL227W",2157
"YGL229C","YGL229C",2159
"YGL232W","YGL232W",2162
"YGL237C","YGL237C",2167
"YGL240W","YGL240W",2170
"YGL241W","YGL241W",2171
"YGL243W","YGL243W",2173
"YGL244W","YGL244W",2174
"YGL246C","YGL246C",2176
"YGL248W","YGL248W",2178
"YGL251C","YGL251C",2181
"YGL252C","YGL252C",2182
"YGL253W","YGL253W",2183
"YGL254W","YGL254W",2184
"YGL261C","YGL261C",2191
"YGR003W","YGR003W",2196
"YGR019W","YGR019W",2212
"YGR021W","YGR021W",2214
"YGR040W","YGR040W",2233
"YGR044C","YGR044C",2237
"YGR052W","YGR052W",2245
"YGR056W","YGR056W",2249
"YGR063C","YGR063C",2256
"YGR067C","YGR067C",2260
"YGR070W","YGR070W",2263
"YGR071C","YGR071C",2264
"YGR072W","YGR072W",2265
"YGR080W","YGR080W",2273
"YGR081C","YGR081C",2274
"YGR086C","YGR086C",2279
"YGR089W","YGR089W",2282
"YGR097W","YGR097W",2290
"YGR104C","YGR104C",2297
"YGR108W","YGR108W",2301
"YGR109C","YGR109C",2302
"YGR122W","YGR122W",2317
"YGR123C","YGR123C",2318
"YGR129W","YGR129W",2324
"YGR133W","YGR133W",2328
"YGR134W","YGR134W",2329
"YGR135W","YGR135W",2330
"YGR152C","YGR152C",2346
"YGR157W","YGR157W",2351
"YGR161C","YGR161C",2355
"YGR162W","YGR162W",2357
"YGR173W","YGR173W",2368
"YGR178C","YGR178C",2373
"YGR180C","YGR180C",2375
"YGR184C","YGR184C",2379
"YGR200C","YGR200C",2395
"YGR202C","YGR202C",2397
"YGR203W","YGR203W",2398
"YGR206W","YGR206W",2401
"YGR208W","YGR208W",2403
"YGR209C","YGR209C",2404
"YGR212W","YGR212W",2407
"YGR225W","YGR225W",2420
"YGR229C","YGR229C",2424
"YGR232W","YGR232W",2427
"YGR233C","YGR233C",2428
"YGR234W","YGR234W",2429
"YGR240C","YGR240C",2434
"YGR247W","YGR247W",2441
"YGR249W","YGR249W",2443
"YGR250C","YGR250C",2444
"YGR252W","YGR252W",2446
"YGR270W","YGR270W",2464
"YGR271C-A","YGR271C-A",2465
"YGR275W","YGR275W",2470
"YGR276C","YGR276C",2471
"YGR283C","YGR283C",2478
"YGR288W","YGR288W",2483
"YHL002W","YHL002W",2490
"YHL006C","YHL006C",2494
"YHL007C","YHL007C",2495
"YHL009C","YHL009C",2497
"YHL010C","YHL010C",2499
"YHL020C","YHL020C",2509
"YHL022C","YHL022C",2511
"YHL024W","YHL024W",2513
"YHL025W","YHL025W",2514
"YHL027W","YHL027W",2516
"YHL029C","YHL029C",2518
"YHL034C","YHL034C",2523
"YHR003C","YHR003C",2541
"YHR004C","YHR004C",2542
"YHR006W","YHR006W",2545
"YHR014W","YHR014W",2553
"YHR015W","YHR015W",2554
"YHR025W","YHR025W",2565
"YHR030C","YHR030C",2570
"YHR031C","YHR031C",2571
"YHR032W","YHR032W",2572
"YHR033W","YHR033W",2573
"YHR034C","YHR034C",2574
"YHR041C","YHR041C",2582
"YHR066W","YHR066W",2606
"YHR071W","YHR071W",2611
"YHR076W","YHR076W",2617
"YHR077C","YHR077C",2618
"YHR079C","YHR079C",2620
"YHR081W","YHR081W",2623
"YHR082C","YHR082C",2624
"YHR084W","YHR084W",2626
"YHR087W","YHR087W",2629
"YHR108W","YHR108W",2650
"YHR111W","YHR111W",2653
"YHR115C","YHR115C",2657
"YHR119W","YHR119W",2661
"YHR120W","YHR120W",2662
"YHR121W","YHR121W",2663
"YHR124W","YHR124W",2666
"YHR127W","YHR127W",2669
"YHR134W","YHR134W",2677
"YHR135C","YHR135C",2678
"YHR143W","YHR143W",2687
"YHR146W","YHR146W",2691
"YHR152W","YHR152W",2697
"YHR154W","YHR154W",2699
"YHR156C","YHR156C",2701
"YHR157W","YHR157W",2702
"YHR167W","YHR167W",2712
"YHR171W","YHR171W",2716
"YHR178W","YHR178W",2723
"YHR187W","YHR187W",2732
"YHR191C","YHR191C",2736
"YHR192W","YHR192W",2737
"YHR193C","YHR193C",2738
"YHR195W","YHR195W",2740
"YHR200W","YHR200W",2745
"YHR202W","YHR202W",2747
"YHR206W","YHR206W",2751
"YHR207C","YHR207C",2752
"YIL001W","YIL001W",2764
"YIL008W","YIL008W",2771
"YIL009C-A","YIL009C-A",2772
"YIL010W","YIL010W",2774
"YIL014C-A","YIL014C-A",2778
"YIL016W","YIL016W",2781
"YIL017C","YIL017C",2782
"YIL030C","YIL030C",2795
"YIL033C","YIL033C",2798
"YIL035C","YIL035C",2800
"YIL036W","YIL036W",2801
"YIL038C","YIL038C",2803
"YIL040W","YIL040W",2805
"YIL042C","YIL042C",2807
"YIL056W","YIL056W",2821
"YIL071C","YIL071C",2836
"YIL072W","YIL072W",2837
"YIL073C","YIL073C",2838
"YIL079C","YIL079C",2844
"YIL084C","YIL084C",2847
"YIL095W","YIL095W",2858
"YIL101C","YIL101C",2864
"YIL107C","YIL107C",2870
"YIL112W","YIL112W",2875
"YIL113W","YIL113W",2876
"YIL117C","YIL117C",2880
"YIL119C","YIL119C",2882
"YIL122W","YIL122W",2885
"YIL123W","YIL123W",2886
"YIL127C","YIL127C",2890
"YIL128W","YIL128W",2891
"YIL130W","YIL130W",2893
"YIL131C","YIL131C",2894
"YIL132C","YIL132C",2895
"YIL133C","YIL133C",2896
"YIL146C","YIL146C",2909
"YIL149C","YIL149C",2912
"YIL153W","YIL153W",2916
"YIL156W","YIL156W",2919
"YIR001C","YIR001C",2939
"YIR002C","YIR002C",2940
"YIR005W","YIR005W",2943
"YIR009W","YIR009W",2947
"YIR013C","YIR013C",2951
"YIR017C","YIR017C",2955
"YIR018W","YIR018W",2956
"YIR019C","YIR019C",2957
"YIR023W","YIR023W",2962
"YIR025W","YIR025W",2964
"YIR026C","YIR026C",2965
"YIR033W","YIR033W",2972
"YJL013C","YJL013C",2996
"YJL030W","YJL030W",3010
"YJL036W","YJL036W",3016
"YJL043W","YJL043W",3022
"YJL048C","YJL048C",3027
"YJL049W","YJL049W",3028
"YJL056C","YJL056C",3036
"YJL057C","YJL057C",3037
"YJL058C","YJL058C",3038
"YJL065C","YJL065C",3046
"YJL073W","YJL073W",3054
"YJL080C","YJL080C",3061
"YJL083W","YJL083W",3064
"YJL089W","YJL089W",3070
"YJL092W","YJL092W",3073
"YJL095W","YJL095W",3076
"YJL098W","YJL098W",3079
"YJL103C","YJL103C",3084
"YJL105W","YJL105W",3086
"YJL106W","YJL106W",3087
"YJL110C","YJL110C",3091
"YJL115W","YJL115W",3095
"YJL124C","YJL124C",3104
"YJL128C","YJL128C",3109
"YJL137C","YJL137C",3118
"YJL138C","YJL138C",3119
"YJL141C","YJL141C",3122
"YJL149W","YJL149W",3130
"YJL153C","YJL153C",3134
"YJL157C","YJL157C",3139
"YJL164C","YJL164C",3146
"YJL165C","YJL165C",3147
"YJL168C","YJL168C",3150
"YJL176C","YJL176C",3158
"YJL178C","YJL178C",3160
"YJL187C","YJL187C",3169
"YJL197W","YJL197W",3179
"YJL204C","YJL204C",3186
"YJL206C","YJL206C",3188
"YJL210W","YJL210W",3192
"YJR014W","YJR014W",3219
"YJR021C","YJR021C",3226
"YJR030C","YJR030C",3231
"YJR031C","YJR031C",3232
"YJR035W","YJR035W",3236
"YJR036C","YJR036C",3237
"YJR043C","YJR043C",3244
"YJR050W","YJR050W",3251
"YJR052W","YJR052W",3253
"YJR053W","YJR053W",3254
"YJR059W","YJR059W",3260
"YJR060W","YJR060W",3261
"YJR063W","YJR063W",3264
"YJR066W","YJR066W",3267
"YJR069C","YJR069C",3270
"YJR073C","YJR073C",3274
"YJR082C","YJR082C",3282
"YJR084W","YJR084W",3284
"YJR090C","YJR090C",3290
"YJR091C","YJR091C",3291
"YJR094C","YJR094C",3294
"YJR096W","YJR096W",3297
"YJR099W","YJR099W",3300
"YJR102C","YJR102C",3303
"YJR110W","YJR110W",3311
"YJR119C","YJR119C",3320
"YJR122W","YJR122W",3323
"YJR127C","YJR127C",3328
"YJR135C","YJR135C",3336
"YJR140C","YJR140C",3342
"YKL002W","YKL002W",3364
"YKL005C","YKL005C",3367
"YKL009W","YKL009W",3372
"YKL010C","YKL010C",3373
"YKL011C","YKL011C",3374
"YKL015W","YKL015W",3378
"YKL017C","YKL017C",3380
"YKL020C","YKL020C",3384
"YKL025C","YKL025C",3389
"YKL027W","YKL027W",3391
"YKL029C","YKL029C",3393
"YKL032C","YKL032C",3396
"YKL034W","YKL034W",3399
"YKL038W","YKL038W",3403
"YKL041W","YKL041W",3406
"YKL043W","YKL043W",3408
"YKL048C","YKL048C",3413
"YKL054C","YKL054C",3420
"YKL057C","YKL057C",3423
"YKL062W","YKL062W",3428
"YKL067W","YKL067W",3433
"YKL068W","YKL068W",3434
"YKL072W","YKL072W",3438
"YKL074C","YKL074C",3440
"YKL086W","YKL086W",3452
"YKL090W","YKL090W",3456
"YKL091C","YKL091C",3457
"YKL101W","YKL101W",3468
"YKL107W","YKL107W",3475
"YKL109W","YKL109W",3477
"YKL110C","YKL110C",3478
"YKL113C","YKL113C",3481
"YKL114C","YKL114C",3482
"YKL116C","YKL116C",3484
"YKL126W","YKL126W",3494
"YKL127W","YKL127W",3495
"YKL130C","YKL130C",3498
"YKL139W","YKL139W",3508
"YKL143W","YKL143W",3512
"YKL149C","YKL149C",3518
"YKL160W","YKL160W",3528
"YKL161C","YKL161C",3529
"YKL166C","YKL166C",3536
"YKL168C","YKL168C",3538
"YKL171W","YKL171W",3541
"YKL185W","YKL185W",3555
"YKL190W","YKL190W",3560
"YKL198C","YKL198C",3568
"YKL205W","YKL205W",3573
"YKL206C","YKL206C",3574
"YKL212W","YKL212W",3580
"YKL213C","YKL213C",3581
"YKL214C","YKL214C",3582
"YKL222C","YKL222C",3590
"YKR001C","YKR001C",3594
"YKR010C","YKR010C",3603
"YKR017C","YKR017C",3610
"YKR019C","YKR019C",3612
"YKR021W","YKR021W",3614
"YKR023W","YKR023W",3616
"YKR028W","YKR028W",3621
"YKR029C","YKR029C",3622
"YKR034W","YKR034W",3627
"YKR036C","YKR036C",3630
"YKR039W","YKR039W",3633
"YKR048C","YKR048C",3642
"YKR054C","YKR054C",3648
"YKR057W","YKR057W",3651
"YKR058W","YKR058W",3652
"YKR060W","YKR060W",3653
"YKR064W","YKR064W",3657
"YKR067W","YKR067W",3660
"YKR072C","YKR072C",3665
"YKR082W","YKR082W",3675
"YKR091W","YKR091W",3684
"YKR092C","YKR092C",3685
"YKR093W","YKR093W",3686
"YKR095W","YKR095W",3688
"YKR098C","YKR098C",3691
"YKR099W","YKR099W",3692
"YKR101W","YKR101W",3694
"YLL002W","YLL002W",3700
"YLL010C","YLL010C",3708
"YLL013C","YLL013C",3711
"YLL016W","YLL016W",3714
"YLL019C","YLL019C",3718
"YLL022C","YLL022C",3721
"YLL032C","YLL032C",3730
"YLL039C","YLL039C",3737
"YLL040C","YLL040C",3738
"YLL042C","YLL042C",3740
"YLL046C","YLL046C",3744
"YLL048C","YLL048C",3746
"YLL054C","YLL054C",3752
"YLL062C","YLL062C",3760
"YLR003C","YLR003C",3765
"YLR006C","YLR006C",3768
"YLR013W","YLR013W",3775
"YLR014C","YLR014C",3776
"YLR015W","YLR015W",3777
"YLR016C","YLR016C",3778
"YLR018C","YLR018C",3780
"YLR019W","YLR019W",3781
"YLR021W","YLR021W",3783
"YLR024C","YLR024C",3786
"YLR025W","YLR025W",3787
"YLR032W","YLR032W",3793
"YLR035C","YLR035C",3796
"YLR039C","YLR039C",3800
"YLR043C","YLR043C",3804
"YLR048W","YLR048W",3809
"YLR052W","YLR052W",3813
"YLR055C","YLR055C",3816
"YLR059C","YLR059C",3820
"YLR074C","YLR074C",3835
"YLR085C","YLR085C",3846
"YLR094C","YLR094C",3855
"YLR095C","YLR095C",3856
"YLR096W","YLR096W",3857
"YLR097C","YLR097C",3858
"YLR098C","YLR098C",3859
"YLR102C","YLR102C",3864
"YLR107W","YLR107W",3869
"YLR113W","YLR113W",3875
"YLR119W","YLR119W",3881
"YLR120C","YLR120C",3882
"YLR128W","YLR128W",3890
"YLR131C","YLR131C",3893
"YLR133W","YLR133W",3895
"YLR135W","YLR135W",3897
"YLR136C","YLR136C",3898
"YLR142W","YLR142W",3904
"YLR143W","YLR143W",3905
"YLR148W","YLR148W",3910
"YLR150W","YLR150W",3913
"YLR154C","YLR154C",3917
"YLR174W","YLR174W",3933
"YLR176C","YLR176C",3935
"YLR180W","YLR180W",3939
"YLR182W","YLR182W",3941
"YLR183C","YLR183C",3942
"YLR192C","YLR192C",3951
"YLR199C","YLR199C",3958
"YLR207W","YLR207W",3966
"YLR210W","YLR210W",3969
"YLR216C","YLR216C",3975
"YLR219W","YLR219W",3978
"YLR221C","YLR221C",3980
"YLR224W","YLR224W",3983
"YLR226W","YLR226W",3985
"YLR228C","YLR228C",3987
"YLR231C","YLR231C",3990
"YLR233C","YLR233C",3992
"YLR234W","YLR234W",3993
"YLR246W","YLR246W",4005
"YLR247C","YLR247C",4006
"YLR248W","YLR248W",4007
"YLR253W","YLR253W",4012
"YLR256W","YLR256W",4015
"YLR258W","YLR258W",4017
"YLR260W","YLR260W",4019
"YLR262C","YLR262C",4021
"YLR263W","YLR263W",4023
"YLR265C","YLR265C",4025
"YLR266C","YLR266C",4026
"YLR270W","YLR270W",4030
"YLR271W","YLR271W",4031
"YLR273C","YLR273C",4033
"YLR278C","YLR278C",4038
"YLR288C","YLR288C",4048
"YLR296W","YLR296W",4056
"YLR304C","YLR304C",4064
"YLR306W","YLR306W",4066
"YLR309C","YLR309C",4069
"YLR315W","YLR315W",4076
"YLR318W","YLR318W",4079
"YLR319C","YLR319C",4080
"YLR320W","YLR320W",4081
"YLR325C","YLR325C",4086
"YLR329W","YLR329W",4090
"YLR335W","YLR335W",4096
"YLR342W","YLR342W",4103
"YLR352W","YLR352W",4113
"YLR357W","YLR357W",4118
"YLR361C","YLR361C",4122
"YLR362W","YLR362W",4123
"YLR363C","YLR363C",4124
"YLR364W","YLR364W",4126
"YLR368W","YLR368W",4130
"YLR375W","YLR375W",4137
"YLR376C","YLR376C",4138
"YLR377C","YLR377C",4139
"YLR381W","YLR381W",4143
"YLR384C","YLR384C",4146
"YLR385C","YLR385C",4147
"YLR387C","YLR387C",4149
"YLR389C","YLR389C",4151
"YLR394W","YLR394W",4156
"YLR398C","YLR398C",4160
"YLR401C","YLR401C",4163
"YLR403W","YLR403W",4165
"YLR417W","YLR417W",4179
"YLR418C","YLR418C",4180
"YLR419W","YLR419W",4181
"YLR421C","YLR421C",4183
"YLR423C","YLR423C",4185
"YLR425W","YLR425W",4187
"YLR427W","YLR427W",4189
"YLR429W","YLR429W",4191
"YLR431C","YLR431C",4193
"YLR433C","YLR433C",4195
"YLR435W","YLR435W",4197
"YLR436C","YLR436C",4198
"YLR438W","YLR438W",4201
"YLR442C","YLR442C",4205
"YLR445W","YLR445W",4208
"YLR449W","YLR449W",4212
"YLR451W","YLR451W",4214
"YLR453C","YLR453C",4216
"YLR455W","YLR455W",4218
"YML001W","YML001W",4228
"YML006C","YML006C",4233
"YML007W","YML007W",4235
"YML011C","YML011C",4240
"YML013W","YML013W",4243
"YML016C","YML016C",4246
"YML027W","YML027W",4257
"YML029W","YML029W",4259
"YML032C","YML032C",4262
"YML034W","YML034W",4264
"YML036W","YML036W",4266
"YML041C","YML041C",4269
"YML051W","YML051W",4278
"YML057W","YML057W",4285
"YML058W","YML058W",4286
"YML058W-A","YML058W-A",4287
"YML061C","YML061C",4290
"YML062C","YML062C",4291
"YML068W","YML068W",4297
"YML070W","YML070W",4299
"YML072C","YML072C",4301
"YML074C","YML074C",4303
"YML075C","YML075C",4304
"YML076C","YML076C",4305
"YML081W","YML081W",4311
"YML082W","YML082W",4312
"YML088W","YML088W",4318
"YML095C","YML095C",4326
"YML097C","YML097C",4328
"YML099C","YML099C",4330
"YML100W","YML100W",4332
"YML101C","YML101C",4333
"YML102W","YML102W",4335
"YML103C","YML103C",4336
"YML107C","YML107C",4340
"YML109W","YML109W",4342
"YML111W","YML111W",4344
"YML113W","YML113W",4346
"YML117W","YML117W",4351
"YML118W","YML118W",4352
"YML119W","YML119W",4353
"YML121W","YML121W",4355
"YML123C","YML123C",4357
"YML124C","YML124C",4358
"YML128C","YML128C",4362
"YMR003W","YMR003W",4368
"YMR012W","YMR012W",4377
"YMR014W","YMR014W",4380
"YMR016C","YMR016C",4382
"YMR019W","YMR019W",4385
"YMR021C","YMR021C",4387
"YMR022W","YMR022W",4388
"YMR025W","YMR025W",4391
"YMR026C","YMR026C",4392
"YMR030W","YMR030W",4396
"YMR031C","YMR031C",4397
"YMR036C","YMR036C",4403
"YMR037C","YMR037C",4404
"YMR039C","YMR039C",4406
"YMR042W","YMR042W",4409
"YMR044W","YMR044W",4411
"YMR048W","YMR048W",4414
"YMR053C","YMR053C",4418
"YMR055C","YMR055C",4420
"YMR065W","YMR065W",4430
"YMR067C","YMR067C",4432
"YMR069W","YMR069W",4434
"YMR070W","YMR070W",4435
"YMR072W","YMR072W",4437
"YMR074C","YMR074C",4439
"YMR075W","YMR075W",4441
"YMR078C","YMR078C",4444
"YMR080C","YMR080C",4446
"YMR091C","YMR091C",4458
"YMR100W","YMR100W",4467
"YMR104C","YMR104C",4471
"YMR105C","YMR105C",4472
"YMR106C","YMR106C",4473
"YMR116C","YMR116C",4483
"YMR119W","YMR119W",4486
"YMR127C","YMR127C",4496
"YMR129W","YMR129W",4498
"YMR133W","YMR133W",4502
"YMR136W","YMR136W",4506
"YMR137C","YMR137C",4507
"YMR138W","YMR138W",4508
"YMR139W","YMR139W",4509
"YMR145C","YMR145C",4515
"YMR152W","YMR152W",4522
"YMR153W","YMR153W",4524
"YMR156C","YMR156C",4527
"YMR159C","YMR159C",4532
"YMR164C","YMR164C",4537
"YMR167W","YMR167W",4540
"YMR172W","YMR172W",4546
"YMR173W","YMR173W",4547
"YMR176W","YMR176W",4551
"YMR177W","YMR177W",4552
"YMR179W","YMR179W",4554
"YMR180C","YMR180C",4555
"YMR182C","YMR182C",4557
"YMR186W","YMR186W",4561
"YMR190C","YMR190C",4565
"YMR191W","YMR191W",4566
"YMR199W","YMR199W",4576
"YMR201C","YMR201C",4578
"YMR202W","YMR202W",4579
"YMR205C","YMR205C",4582
"YMR209C","YMR209C",4586
"YMR216C","YMR216C",4593
"YMR219W","YMR219W",4596
"YMR223W","YMR223W",4600
"YMR224C","YMR224C",4601
"YMR231W","YMR231W",4608
"YMR233W","YMR233W",4610
"YMR234W","YMR234W",4611
"YMR246W","YMR246W",4624
"YMR247C","YMR247C",4625
"YMR255W","YMR255W",4632
"YMR258C","YMR258C",4635
"YMR261C","YMR261C",4638
"YMR263W","YMR263W",4640
"YMR264W","YMR264W",4641
"YMR269W","YMR269W",4646
"YMR273C","YMR273C",4650
"YMR274C","YMR274C",4651
"YMR275C","YMR275C",4652
"YMR276W","YMR276W",4653
"YMR280C","YMR280C",4657
"YMR284W","YMR284W",4661
"YMR285C","YMR285C",4662
"YMR287C","YMR287C",4664
"YMR291W","YMR291W",4669
"YMR293C","YMR293C",4671
"YMR294W","YMR294W",4672
"YMR302C","YMR302C",4681
"YMR304W","YMR304W",4684
"YMR306W","YMR306W",4687
"YMR310C","YMR310C",4691
"YMR312W","YMR312W",4693
"YMR315W","YMR315W",4696
"YMR316W","YMR316W",4699
"YNL004W","YNL004W",4712
"YNL008C","YNL008C",4716
"YNL009W","YNL009W",4717
"YNL016W","YNL016W",4724
"YNL020C","YNL020C",4727
"YNL021W","YNL021W",4728
"YNL022C","YNL022C",4729
"YNL023C","YNL023C",4730
"YNL025C","YNL025C",4732
"YNL027W","YNL027W",4734
"YNL030W","YNL030W",4737
"YNL031C","YNL031C",4738
"YNL032W","YNL032W",4739
"YNL049C","YNL049C",4756
"YNL053W","YNL053W",4760
"YNL056W","YNL056W",4763
"YNL059C","YNL059C",4766
"YNL068C","YNL068C",4775
"YNL072W","YNL072W",4779
"YNL076W","YNL076W",4783
"YNL082W","YNL082W",4789
"YNL097C","YNL097C",4804
"YNL098C","YNL098C",4805
"YNL099C","YNL099C",4806
"YNL106C","YNL106C",4813
"YNL107W","YNL107W",4814
"YNL116W","YNL116W",4823
"YNL119W","YNL119W",4826
"YNL128W","YNL128W",4835
"YNL130C","YNL130C",4837
"YNL133C","YNL133C",4840
"YNL136W","YNL136W",4843
"YNL138W","YNL138W",4845
"YNL142W","YNL142W",4848
"YNL147W","YNL147W",4853
"YNL154C","YNL154C",4860
"YNL155W","YNL155W",4861
"YNL159C","YNL159C",4865
"YNL167C","YNL167C",4874
"YNL175C","YNL175C",4882
"YNL183C","YNL183C",4890
"YNL186W","YNL186W",4893
"YNL187W","YNL187W",4894
"YNL199C","YNL199C",4906
"YNL201C","YNL201C",4908
"YNL204C","YNL204C",4911
"YNL206C","YNL206C",4913
"YNL209W","YNL209W",4916
"YNL210W","YNL210W",4917
"YNL213C","YNL213C",4920
"YNL215W","YNL215W",4922
"YNL218W","YNL218W",4925
"YNL223W","YNL223W",4930
"YNL224C","YNL224C",4931
"YNL227C","YNL227C",4934
"YNL229C","YNL229C",4936
"YNL230C","YNL230C",4937
"YNL236W","YNL236W",4943
"YNL239W","YNL239W",4946
"YNL241C","YNL241C",4948
"YNL242W","YNL242W",4949
"YNL246W","YNL246W",4953
"YNL248C","YNL248C",4955
"YNL250W","YNL250W",4957
"YNL253W","YNL253W",4960
"YNL255C","YNL255C",4962
"YNL257C","YNL257C",4964
"YNL273W","YNL273W",4980
"YNL278W","YNL278W",4985
"YNL286W","YNL286W",4994
"YNL288W","YNL288W",4996
"YNL289W","YNL289W",4997
"YNL298W","YNL298W",5006
"YNL299W","YNL299W",5007
"YNL307C","YNL307C",5015
"YNL311C","YNL311C",5019
"YNL314W","YNL314W",5022
"YNL323W","YNL323W",5031
"YNL330C","YNL330C",5038
"YNR004W","YNR004W",5047
"YNR006W","YNR006W",5049
"YNR007C","YNR007C",5050
"YNR009W","YNR009W",5052
"YNR010W","YNR010W",5053
"YNR015W","YNR015W",5058
"YNR023W","YNR023W",5066
"YNR024W","YNR024W",5067
"YNR031C","YNR031C",5074
"YNR032C-A","YNR032C-A",5075
"YNR032W","YNR032W",5076
"YNR034W","YNR034W",5078
"YNR047W","YNR047W",5092
"YNR051C","YNR051C",5096
"YNR063W","YNR063W",5108
"YNR074C","YNR074C",5119
"YOL001W","YOL001W",5122
"YOL004W","YOL004W",5125
"YOL006C","YOL006C",5127
"YOL012C","YOL012C",5133
"YOL013C","YOL013C",5134
"YOL016C","YOL016C",5138
"YOL017W","YOL017W",5139
"YOL028C","YOL028C",5150
"YOL041C","YOL041C",5163
"YOL042W","YOL042W",5164
"YOL043C","YOL043C",5165
"YOL045W","YOL045W",5167
"YOL051W","YOL051W",5173
"YOL053W","YOL053W",5176
"YOL054W","YOL054W",5177
"YOL063C","YOL063C",5186
"YOL067C","YOL067C",5190
"YOL068C","YOL068C",5191
"YOL072W","YOL072W",5195
"YOL080C","YOL080C",5203
"YOL081W","YOL081W",5204
"YOL082W","YOL082W",5205
"YOL086W-A","YOL086W-A",5210
"YOL087C","YOL087C",5211
"YOL089C","YOL089C",5213
"YOL090W","YOL090W",5214
"YOL093W","YOL093W",5217
"YOL104C","YOL104C",5228
"YOL108C","YOL108C",5232
"YOL110W","YOL110W",5234
"YOL111C","YOL111C",5235
"YOL113W","YOL113W",5237
"YOL115W","YOL115W",5239
"YOL116W","YOL116W",5240
"YOL117W","YOL117W",5241
"YOL128C","YOL128C",5252
"YOL136C","YOL136C",5260
"YOL138C","YOL138C",5262
"YOL145C","YOL145C",5269
"YOL148C","YOL148C",5272
"YOL159C","YOL159C",5283
"YOR001W","YOR001W",5292
"YOR005C","YOR005C",5296
"YOR007C","YOR007C",5298
"YOR014W","YOR014W",5307
"YOR023C","YOR023C",5316
"YOR025W","YOR025W",5318
"YOR027W","YOR027W",5320
"YOR028C","YOR028C",5321
"YOR032C","YOR032C",5325
"YOR033C","YOR033C",5326
"YOR038C","YOR038C",5331
"YOR039W","YOR039W",5332
"YOR042W","YOR042W",5335
"YOR047C","YOR047C",5340
"YOR051C","YOR051C",5344
"YOR052C","YOR052C",5345
"YOR058C","YOR058C",5351
"YOR061W","YOR061W",5354
"YOR064C","YOR064C",5357
"YOR076C","YOR076C",5369
"YOR078W","YOR078W",5371
"YOR090C","YOR090C",5382
"YOR091W","YOR091W",5383
"YOR101W","YOR101W",5393
"YOR106W","YOR106W",5398
"YOR107W","YOR107W",5399
"YOR112W","YOR112W",5404
"YOR113W","YOR113W",5405
"YOR123C","YOR123C",5415
"YOR124C","YOR124C",5416
"YOR138C","YOR138C",5429
"YOR140W","YOR140W",5431
"YOR141C","YOR141C",5432
"YOR144C","YOR144C",5435
"YOR153W","YOR153W",5444
"YOR156C","YOR156C",5447
"YOR162C","YOR162C",5453
"YOR171C","YOR171C",5462
"YOR172W","YOR172W",5463
"YOR173W","YOR173W",5464
"YOR179C","YOR179C",5470
"YOR185C","YOR185C",5476
"YOR189W","YOR189W",5480
"YOR191W","YOR191W",5482
"YOR195W","YOR195W",5486
"YOR197W","YOR197W",5488
"YOR205C","YOR205C",5496
"YOR208W","YOR208W",5499
"YOR209C","YOR209C",5500
"YOR213C","YOR213C",5504
"YOR229W","YOR229W",5520
"YOR230W","YOR230W",5521
"YOR231W","YOR231W",5522
"YOR233W","YOR233W",5524
"YOR243C","YOR243C",5533
"YOR251C","YOR251C",5540
"YOR258W","YOR258W",5547
"YOR267C","YOR267C",5556
"YOR269W","YOR269W",5558
"YOR279C","YOR279C",5568
"YOR290C","YOR290C",5579
"YOR295W","YOR295W",5584
"YOR298C-A","YOR298C-A",5587
"YOR304W","YOR304W",5595
"YOR313C","YOR313C",5604
"YOR315W","YOR315W",5607
"YOR330C","YOR330C",5622
"YOR337W","YOR337W",5629
"YOR338W","YOR338W",5630
"YOR339C","YOR339C",5631
"YOR344C","YOR344C",5637
"YOR346W","YOR346W",5639
"YOR351C","YOR351C",5644
"YOR354C","YOR354C",5647
"YOR358W","YOR358W",5651
"YOR360C","YOR360C",5653
"YOR363C","YOR363C",5656
"YOR368W","YOR368W",5661
"YOR371C","YOR371C",5664
"YOR380W","YOR380W",5673
"YOR386W","YOR386W",5679
"YPL001W","YPL001W",5686
"YPL002C","YPL002C",5687
"YPL003W","YPL003W",5688
"YPL008W","YPL008W",5693
"YPL015C","YPL015C",5700
"YPL018W","YPL018W",5703
"YPL021W","YPL021W",5706
"YPL022W","YPL022W",5707
"YPL024W","YPL024W",5709
"YPL026C","YPL026C",5711
"YPL031C","YPL031C",5716
"YPL033C","YPL033C",5718
"YPL037C","YPL037C",5722
"YPL038W","YPL038W",5723
"YPL042C","YPL042C",5727
"YPL045W","YPL045W",5730
"YPL046C","YPL046C",5731
"YPL047W","YPL047W",5732
"YPL049C","YPL049C",5734
"YPL054W","YPL054W",5739
"YPL055C","YPL055C",5740
"YPL064C","YPL064C",5750
"YPL065W","YPL065W",5751
"YPL066W","YPL066W",5752
"YPL072W","YPL072W",5758
"YPL084W","YPL084W",5770
"YPL086C","YPL086C",5772
"YPL089C","YPL089C",5775
"YPL096C-A","YPL096C-A",5782
"YPL100W","YPL100W",5787
"YPL101W","YPL101W",5788
"YPL109C","YPL109C",5796
"YPL116W","YPL116W",5803
"YPL119C","YPL119C",5806
"YPL120W","YPL120W",5807
"YPL121C","YPL121C",5808
"YPL123C","YPL123C",5810
"YPL125W","YPL125W",5812
"YPL127C","YPL127C",5814
"YPL133C","YPL133C",5820
"YPL138C","YPL138C",5825
"YPL139C","YPL139C",5826
"YPL140C","YPL140C",5827
"YPL141C","YPL141C",5828
"YPL144W","YPL144W",5831
"YPL149W","YPL149W",5836
"YPL150W","YPL150W",5837
"YPL154C","YPL154C",5841
"YPL155C","YPL155C",5842
"YPL157W","YPL157W",5844
"YPL164C","YPL164C",5851
"YPL165C","YPL165C",5852
"YPL166W","YPL166W",5853
"YPL167C","YPL167C",5854
"YPL176C","YPL176C",5863
"YPL177C","YPL177C",5864
"YPL179W","YPL179W",5866
"YPL180W","YPL180W",5867
"YPL181W","YPL181W",5868
"YPL184C","YPL184C",5872
"YPL186C","YPL186C",5874
"YPL187W","YPL187W",5875
"YPL192C","YPL192C",5880
"YPL193W","YPL193W",5881
"YPL194W","YPL194W",5882
"YPL199C","YPL199C",5886
"YPL202C","YPL202C",5889
"YPL203W","YPL203W",5890
"YPL212C","YPL212C",5899
"YPL213W","YPL213W",5900
"YPL216W","YPL216W",5903
"YPL219W","YPL219W",5906
"YPL226W","YPL226W",5912
"YPL230W","YPL230W",5916
"YPL236C","YPL236C",5922
"YPL241C","YPL241C",5927
"YPL247C","YPL247C",5933
"YPL248C","YPL248C",5934
"YPL253C","YPL253C",5940
"YPL254W","YPL254W",5941
"YPL256C","YPL256C",5943
"YPL260W","YPL260W",5947
"YPL267W","YPL267W",5954
"YPL268W","YPL268W",5955
"YPL273W","YPL273W",5960
"YPL274W","YPL274W",5961
"YPR007C","YPR007C",5975
"YPR008W","YPR008W",5976
"YPR009W","YPR009W",5977
"YPR013C","YPR013C",5981
"YPR015C","YPR015C",5983
"YPR018W","YPR018W",5987
"YPR022C","YPR022C",5991
"YPR023C","YPR023C",5992
"YPR030W","YPR030W",5999
"YPR031W","YPR031W",6000
"YPR040W","YPR040W",6009
"YPR042C","YPR042C",6011
"YPR046W","YPR046W",6015
"YPR054W","YPR054W",6022
"YPR057W","YPR057W",6025
"YPR065W","YPR065W",6033
"YPR066W","YPR066W",6034
"YPR068C","YPR068C",6036
"YPR070W","YPR070W",6038
"YPR073C","YPR073C",6041
"YPR075C","YPR075C",6044
"YPR078C","YPR078C",6047
"YPR093C","YPR093C",6060
"YPR101W","YPR101W",6068
"YPR106W","YPR106W",6072
"YPR111W","YPR111W",6077
"YPR119W","YPR119W",6085
"YPR120C","YPR120C",6086
"YPR125W","YPR125W",6091
"YPR135W","YPR135W",6102
"YPR141C","YPR141C",6108
"YPR149W","YPR149W",6116
"YPR152C","YPR152C",6119
"YPR153W","YPR153W",6120
"YPR155C","YPR155C",6122
"YPR160W","YPR160W",6129
"YPR164W","YPR164W",6133
"YPR171W","YPR171W",6140
"YPR173C","YPR173C",6142
"YPR174C","YPR174C",6143
"YPR179C","YPR179C",6148
"YPR184W","YPR184W",6153
"YPR185W","YPR185W",6154
"YPR189W","YPR189W",6158
"YPR193C","YPR193C",6162
"YPR196W","YPR196W",6165
"YPR199C","YPR199C",6168
